                  epoch,         train/box_loss,         train/cls_loss,         train/dfl_loss,   metrics/precision(B),      metrics/recall(B),       metrics/mAP50(B),    metrics/mAP50-95(B),           val/box_loss,           val/cls_loss,           val/dfl_loss,                 lr/pg0,                 lr/pg1,                 lr/pg2
                      0,                 3.6176,                 3.8196,                 3.5091,                0.02419,                 0.0211,                0.00713,                  0.002,                 3.0684,                 3.4951,                 3.4145,               0.070069,              0.0033257,              0.0033257
                      1,                 2.4186,                 2.5606,                 2.2461,                0.48226,                0.10601,                0.09097,                0.04041,                 2.1697,                 2.3624,                 2.2315,               0.040047,               0.006637,               0.006637
                      2,                 2.0356,                 2.2103,                 1.8832,                0.18056,                0.11845,                0.08646,                0.04126,                 2.1625,                 2.8427,                 2.1628,               0.010003,              0.0099264,              0.0099264
                      3,                 1.8868,                 2.0262,                 1.7257,                0.49744,                0.12588,                0.12674,                0.06538,                 1.8693,                 2.0949,                 1.8794,               0.009901,               0.009901,               0.009901
                      4,                 1.7879,                 1.8636,                 1.6351,                0.24582,                0.17792,                0.16161,                0.08375,                 1.7604,                   2.08,                 1.7956,               0.009901,               0.009901,               0.009901
                      5,                 1.7201,                 1.7596,                 1.5826,                0.22048,                0.19754,                0.17282,                0.08866,                 1.8388,                 1.7811,                 1.8108,               0.009868,               0.009868,               0.009868
                      6,                 1.6919,                 1.6729,                 1.5514,                 0.5543,                0.24974,                0.18657,                0.09988,                 1.7346,                 1.6836,                 1.7251,               0.009835,               0.009835,               0.009835
                      7,                 1.6457,                 1.6088,                 1.5184,                0.23288,                0.23394,                0.19312,                0.10553,                 1.6908,                 1.7066,                 1.6979,               0.009802,               0.009802,               0.009802
                      8,                 1.6198,                 1.5466,                 1.5002,                0.59571,                0.23214,                0.20724,                0.10778,                 1.7537,                 1.6835,                 1.7228,               0.009769,               0.009769,               0.009769
                      9,                 1.5968,                 1.5011,                 1.4851,                0.29165,                0.26808,                0.22877,                 0.1245,                   1.69,                 1.5982,                 1.6767,               0.009736,               0.009736,               0.009736
                     10,                 1.5801,                 1.4563,                 1.4696,                0.53881,                0.31283,                0.27324,                0.15973,                 1.6476,                 1.5644,                 1.6439,               0.009703,               0.009703,               0.009703
                     11,                 1.5707,                 1.4244,                 1.4553,                0.50656,                0.29501,                0.29058,                0.16996,                 1.6403,                 1.5197,                 1.6414,                0.00967,                0.00967,                0.00967
                     12,                 1.5539,                 1.3916,                 1.4443,                0.40919,                0.32672,                0.30365,                0.16848,                 1.6409,                 1.5069,                 1.6317,               0.009637,               0.009637,               0.009637
                     13,                 1.5365,                 1.3619,                 1.4353,                 0.3776,                0.31033,                0.27723,                0.16739,                 1.5866,                 1.4965,                 1.5965,               0.009604,               0.009604,               0.009604
                     14,                 1.5249,                 1.3389,                 1.4229,                0.48232,                0.35539,                0.31269,                0.18349,                 1.5834,                   1.46,                 1.6071,               0.009571,               0.009571,               0.009571
                     15,                 1.5104,                 1.3139,                 1.4123,                 0.4754,                0.38689,                0.37298,                0.22754,                 1.5537,                 1.3761,                 1.5639,               0.009538,               0.009538,               0.009538
                     16,                 1.5044,                 1.2979,                 1.4123,                0.58108,                 0.3775,                0.38459,                0.22338,                 1.5626,                 1.3806,                 1.5594,               0.009505,               0.009505,               0.009505
                     17,                 1.4933,                 1.2674,                 1.3917,                0.45799,                 0.4394,                0.37759,                0.23419,                 1.5938,                 1.3807,                  1.582,               0.009472,               0.009472,               0.009472
                     18,                  1.482,                 1.2582,                 1.4006,                0.58506,                0.40939,                0.40425,                0.23937,                  1.576,                 1.3652,                 1.5792,               0.009439,               0.009439,               0.009439
                     19,                 1.4737,                 1.2317,                 1.3827,                0.50197,                 0.4021,                0.38837,                0.23788,                 1.5823,                 1.3407,                  1.587,               0.009406,               0.009406,               0.009406
                     20,                 1.4532,                  1.207,                 1.3753,                0.54158,                0.38999,                 0.4164,                0.25999,                 1.5356,                 1.3372,                 1.5555,               0.009373,               0.009373,               0.009373
                     21,                 1.4601,                 1.2001,                 1.3799,                 0.6082,                0.40656,                0.42968,                0.26236,                  1.536,                 1.3068,                 1.5569,                0.00934,                0.00934,                0.00934
                     22,                 1.4449,                 1.1802,                 1.3621,                0.53448,                0.44604,                0.45112,                 0.2823,                 1.5277,                 1.2771,                  1.535,               0.009307,               0.009307,               0.009307
                     23,                 1.4354,                 1.1642,                 1.3591,                0.61044,                0.38635,                0.42826,                0.26681,                 1.5313,                 1.2829,                 1.5368,               0.009274,               0.009274,               0.009274
                     24,                 1.4382,                 1.1605,                 1.3596,                0.64182,                0.41818,                0.44733,                0.27463,                 1.5355,                 1.2721,                 1.5296,               0.009241,               0.009241,               0.009241
                     25,                 1.4306,                 1.1447,                 1.3499,                0.66507,                0.42429,                0.47141,                0.30268,                 1.5011,                  1.251,                   1.52,               0.009208,               0.009208,               0.009208
                     26,                 1.4179,                 1.1349,                 1.3414,                 0.5064,                 0.4714,                 0.4506,                0.29985,                  1.499,                 1.2571,                 1.5057,               0.009175,               0.009175,               0.009175
                     27,                 1.4182,                 1.1173,                 1.3351,                 0.6234,                0.44397,                0.46936,                0.30655,                 1.4972,                 1.2598,                 1.5162,               0.009142,               0.009142,               0.009142
                     28,                 1.4097,                 1.0982,                 1.3374,                0.59582,                0.44432,                0.46401,                0.30077,                 1.4952,                 1.2471,                 1.5009,               0.009109,               0.009109,               0.009109
                     29,                 1.3971,                 1.1034,                 1.3319,                0.66293,                0.42248,                0.47191,                0.30968,                 1.5134,                 1.2639,                 1.5126,               0.009076,               0.009076,               0.009076
                     30,                  1.402,                 1.0958,                 1.3258,                0.66874,                0.44583,                0.46542,                 0.3001,                 1.4881,                 1.2375,                 1.4888,               0.009043,               0.009043,               0.009043
                     31,                 1.3911,                  1.084,                 1.3198,                0.67844,                0.43325,                0.47527,                0.31398,                 1.4947,                 1.2404,                 1.5042,                0.00901,                0.00901,                0.00901
                     32,                 1.3872,                 1.0747,                  1.317,                0.64952,                0.43017,                0.47435,                0.31492,                 1.4836,                 1.2453,                 1.4937,               0.008977,               0.008977,               0.008977
                     33,                  1.385,                  1.068,                 1.3206,                0.69868,                0.44403,                0.49273,                0.33557,                 1.4771,                 1.2341,                 1.4898,               0.008944,               0.008944,               0.008944
                     34,                 1.3693,                 1.0448,                 1.3098,                0.58996,                0.43277,                0.46955,                0.31703,                 1.4676,                 1.2221,                 1.4741,               0.008911,               0.008911,               0.008911
                     35,                 1.3647,                 1.0427,                 1.3091,                0.62237,                0.43861,                0.48843,                0.32094,                 1.4754,                 1.2247,                 1.4883,               0.008878,               0.008878,               0.008878
                     36,                 1.3687,                 1.0407,                 1.3107,                0.63873,                0.44756,                0.49282,                0.32622,                 1.4665,                 1.1955,                 1.4824,               0.008845,               0.008845,               0.008845
                     37,                 1.3649,                 1.0269,                 1.3039,                0.67854,                0.42929,                0.47648,                0.31634,                 1.4735,                 1.2057,                 1.4826,               0.008812,               0.008812,               0.008812
                     38,                  1.353,                 1.0216,                 1.2948,                0.67639,                0.42797,                0.49712,                0.34063,                 1.4601,                 1.1989,                 1.4696,               0.008779,               0.008779,               0.008779
                     39,                 1.3515,                 1.0082,                 1.2936,                0.62322,                0.43549,                0.49038,                0.33175,                 1.4605,                 1.1986,                 1.4665,               0.008746,               0.008746,               0.008746
                     40,                 1.3483,                 1.0111,                 1.2926,                0.61879,                0.48486,                 0.5008,                0.33726,                 1.4609,                 1.2008,                 1.4682,               0.008713,               0.008713,               0.008713
                     41,                 1.3441,                0.99406,                 1.2852,                0.66447,                0.46129,                0.50623,                0.33926,                 1.4531,                 1.2011,                 1.4645,                0.00868,                0.00868,                0.00868
                     42,                 1.3421,                0.99747,                 1.2863,                0.66593,                0.42918,                0.49627,                0.33777,                 1.4474,                 1.1865,                 1.4603,               0.008647,               0.008647,               0.008647
                     43,                 1.3446,                0.99476,                 1.2913,                0.64773,                0.46632,                0.50566,                0.33991,                 1.4522,                 1.1817,                 1.4653,               0.008614,               0.008614,               0.008614
                     44,                  1.334,                0.98157,                 1.2846,                0.67915,                0.46642,                0.50811,                0.34132,                  1.459,                 1.1865,                 1.4659,               0.008581,               0.008581,               0.008581
                     45,                 1.3256,                0.96853,                 1.2735,                0.70193,                0.43402,                0.50107,                0.33773,                 1.4594,                 1.1961,                 1.4654,               0.008548,               0.008548,               0.008548
                     46,                 1.3236,                0.96161,                 1.2769,                0.64202,                0.47069,                0.50412,                0.34524,                 1.4504,                 1.1816,                 1.4568,               0.008515,               0.008515,               0.008515
                     47,                 1.3247,                0.96446,                 1.2748,                0.61985,                0.48767,                0.51003,                0.34838,                  1.443,                 1.1687,                 1.4574,               0.008482,               0.008482,               0.008482
                     48,                 1.3231,                0.95879,                 1.2695,                0.64324,                0.48277,                0.51232,                0.34955,                 1.4384,                 1.1664,                 1.4517,               0.008449,               0.008449,               0.008449
                     49,                 1.3122,                0.95019,                 1.2647,                0.70253,                0.45588,                 0.5114,                0.35155,                 1.4354,                 1.1749,                 1.4439,               0.008416,               0.008416,               0.008416
                     50,                 1.3111,                0.94197,                 1.2604,                0.66799,                0.46676,                0.51937,                0.35642,                 1.4347,                  1.188,                 1.4418,               0.008383,               0.008383,               0.008383
                     51,                 1.3032,                0.93474,                 1.2577,                0.65527,                0.47401,                0.51802,                0.35928,                 1.4332,                 1.1896,                 1.4428,                0.00835,                0.00835,                0.00835
                     52,                 1.3054,                0.93659,                 1.2603,                0.65403,                0.48494,                 0.5246,                0.36066,                 1.4347,                 1.1724,                 1.4432,               0.008317,               0.008317,               0.008317
                     53,                 1.3012,                0.93385,                 1.2612,                0.67448,                0.47932,                0.52477,                 0.3624,                 1.4325,                 1.1643,                 1.4428,               0.008284,               0.008284,               0.008284
                     54,                 1.3031,                0.92924,                 1.2553,                0.65834,                0.48224,                0.51636,                0.35704,                 1.4293,                 1.1664,                 1.4373,               0.008251,               0.008251,               0.008251
                     55,                 1.3005,                 0.9297,                 1.2534,                0.67084,                0.47055,                0.51321,                0.35529,                 1.4301,                 1.1729,                 1.4368,               0.008218,               0.008218,               0.008218
                     56,                 1.2913,                 0.9197,                 1.2479,                0.70027,                0.47998,                0.51422,                 0.3529,                 1.4298,                 1.1689,                 1.4375,               0.008185,               0.008185,               0.008185
                     57,                 1.2883,                0.91453,                 1.2444,                0.66218,                0.48492,                0.51568,                0.35455,                 1.4301,                 1.1668,                 1.4407,               0.008152,               0.008152,               0.008152
                     58,                 1.2944,                0.91854,                 1.2512,                0.69021,                0.48118,                 0.5167,                0.35816,                 1.4277,                 1.1643,                 1.4388,               0.008119,               0.008119,               0.008119
                     59,                 1.2868,                0.90619,                  1.241,                0.65929,                0.48097,                 0.5122,                0.35699,                 1.4273,                 1.1644,                 1.4394,               0.008086,               0.008086,               0.008086
                     60,                 1.2893,                0.90307,                 1.2402,                0.64961,                0.49871,                  0.515,                0.35479,                 1.4269,                 1.1669,                 1.4374,               0.008053,               0.008053,               0.008053
                     61,                 1.2826,                0.89083,                 1.2362,                0.67246,                0.49129,                0.51455,                0.35468,                  1.431,                 1.1675,                 1.4407,                0.00802,                0.00802,                0.00802
                     62,                 1.2769,                0.89224,                 1.2363,                0.66862,                 0.4878,                0.51676,                0.35627,                 1.4306,                 1.1692,                 1.4392,               0.007987,               0.007987,               0.007987
                     63,                 1.2733,                0.89073,                 1.2319,                0.67334,                0.49255,                0.51859,                0.35695,                 1.4322,                 1.1641,                   1.44,               0.007954,               0.007954,               0.007954
                     64,                 1.2743,                0.89192,                 1.2332,                 0.6679,                0.49265,                0.51968,                0.35544,                 1.4317,                 1.1617,                 1.4397,               0.007921,               0.007921,               0.007921
                     65,                 1.2733,                0.89067,                 1.2275,                0.69118,                0.47065,                0.52004,                0.35749,                 1.4305,                  1.162,                 1.4396,               0.007888,               0.007888,               0.007888
                     66,                 1.2722,                0.88865,                 1.2325,                0.70551,                0.47236,                0.52035,                0.35543,                 1.4323,                 1.1629,                 1.4418,               0.007855,               0.007855,               0.007855
                     67,                 1.2657,                0.87421,                 1.2232,                 0.6969,                0.47693,                0.52164,                0.35845,                 1.4312,                 1.1609,                 1.4407,               0.007822,               0.007822,               0.007822
                     68,                 1.2633,                0.87568,                  1.219,                0.67056,                0.48587,                0.52416,                0.36217,                 1.4288,                 1.1581,                 1.4385,               0.007789,               0.007789,               0.007789
                     69,                  1.264,                0.88035,                 1.2227,                 0.6753,                0.48581,                 0.5256,                0.36331,                 1.4292,                 1.1575,                 1.4385,               0.007756,               0.007756,               0.007756
                     70,                 1.2618,                0.87172,                 1.2141,                0.67328,                0.48176,                0.52651,                0.36248,                 1.4294,                 1.1581,                 1.4378,               0.007723,               0.007723,               0.007723
                     71,                 1.2565,                0.86541,                 1.2134,                0.66303,                0.49103,                0.52734,                0.36396,                 1.4289,                 1.1548,                 1.4375,                0.00769,                0.00769,                0.00769
                     72,                 1.2556,                0.86533,                 1.2094,                0.67438,                0.49988,                0.52705,                0.36556,                 1.4278,                 1.1545,                 1.4368,               0.007657,               0.007657,               0.007657
                     73,                 1.2574,                0.87091,                 1.2119,                0.68738,                0.48867,                0.52758,                0.36647,                 1.4288,                 1.1551,                 1.4372,               0.007624,               0.007624,               0.007624
                     74,                 1.2423,                0.85701,                 1.2054,                0.68818,                0.49105,                0.52734,                0.36751,                  1.429,                 1.1553,                 1.4367,               0.007591,               0.007591,               0.007591
                     75,                 1.2541,                0.86301,                 1.2046,                0.69728,                0.48911,                0.52866,                0.36794,                 1.4279,                 1.1539,                 1.4352,               0.007558,               0.007558,               0.007558
                     76,                 1.2518,                0.85774,                 1.2118,                0.69097,                 0.4905,                0.53066,                0.36829,                 1.4287,                 1.1538,                 1.4353,               0.007525,               0.007525,               0.007525
                     77,                 1.2454,                0.85651,                 1.2004,                0.69524,                0.48967,                 0.5312,                0.36877,                  1.428,                 1.1547,                 1.4348,               0.007492,               0.007492,               0.007492
                     78,                 1.2407,                 0.8443,                 1.1938,                0.70542,                0.48719,                0.53136,                 0.3679,                  1.428,                  1.155,                 1.4343,               0.007459,               0.007459,               0.007459
                     79,                 1.2448,                0.84913,                 1.1962,                0.70503,                0.48611,                0.53135,                0.36799,                 1.4288,                 1.1542,                 1.4341,               0.007426,               0.007426,               0.007426
                     80,                 1.2363,                0.84134,                 1.1915,                0.70264,                0.48886,                0.53069,                0.36734,                 1.4284,                 1.1537,                 1.4328,               0.007393,               0.007393,               0.007393
                     81,                 1.2381,                0.83908,                 1.1935,                0.72135,                0.48077,                0.53172,                0.36828,                 1.4289,                 1.1527,                 1.4328,                0.00736,                0.00736,                0.00736
                     82,                 1.2399,                0.84173,                 1.1925,                0.72383,                0.48045,                0.53247,                0.36913,                 1.4293,                 1.1537,                 1.4324,               0.007327,               0.007327,               0.007327
                     83,                  1.231,                0.83765,                 1.1888,                0.72715,                0.47953,                0.53333,                0.36917,                 1.4297,                 1.1526,                 1.4324,               0.007294,               0.007294,               0.007294
                     84,                 1.2345,                0.83591,                 1.1893,                0.73072,                0.47836,                0.53411,                0.37023,                 1.4285,                 1.1519,                 1.4315,               0.007261,               0.007261,               0.007261
                     85,                 1.2298,                0.82989,                 1.1876,                0.73028,                0.47806,                0.53423,                0.37058,                 1.4288,                 1.1509,                  1.431,               0.007228,               0.007228,               0.007228
                     86,                 1.2215,                0.82099,                 1.1799,                0.73277,                0.47698,                0.53362,                0.37073,                 1.4283,                   1.15,                   1.43,               0.007195,               0.007195,               0.007195
                     87,                 1.2268,                0.82657,                  1.187,                0.73518,                0.47736,                0.53376,                0.37072,                 1.4287,                 1.1502,                 1.4301,               0.007162,               0.007162,               0.007162
                     88,                 1.2232,                  0.825,                 1.1796,                0.72814,                0.48146,                0.53374,                0.37114,                  1.428,                  1.149,                 1.4297,               0.007129,               0.007129,               0.007129
                     89,                 1.2274,                0.82194,                  1.185,                0.73075,                0.48032,                0.53428,                0.37175,                 1.4274,                 1.1491,                  1.429,               0.007096,               0.007096,               0.007096
                     90,                 1.2179,                0.81972,                 1.1797,                0.72255,                0.48351,                 0.5344,                0.37346,                 1.4276,                 1.1495,                 1.4286,               0.007063,               0.007063,               0.007063
                     91,                 1.2177,                0.81599,                 1.1764,                0.73121,                0.48003,                0.53338,                0.37385,                 1.4284,                 1.1511,                 1.4286,                0.00703,                0.00703,                0.00703
                     92,                 1.2128,                0.81365,                 1.1734,                0.72331,                0.48381,                0.53349,                0.37346,                 1.4286,                 1.1515,                 1.4281,               0.006997,               0.006997,               0.006997
                     93,                 1.2181,                0.81573,                 1.1738,                0.72693,                0.48311,                 0.5335,                0.37293,                 1.4285,                 1.1507,                 1.4276,               0.006964,               0.006964,               0.006964
                     94,                 1.2136,                0.80517,                 1.1736,                0.71777,                0.48772,                0.53449,                 0.3742,                 1.4281,                 1.1497,                 1.4267,               0.006931,               0.006931,               0.006931
                     95,                 1.2096,                0.80318,                 1.1733,                0.72087,                0.48741,                0.53586,                0.37548,                 1.4277,                 1.1494,                 1.4262,               0.006898,               0.006898,               0.006898
                     96,                 1.2099,                0.80509,                 1.1692,                0.72674,                0.48871,                0.53631,                0.37499,                 1.4276,                 1.1494,                 1.4263,               0.006865,               0.006865,               0.006865
                     97,                 1.2101,                0.80572,                 1.1633,                 0.7273,                 0.4882,                 0.5364,                0.37659,                 1.4279,                 1.1483,                 1.4255,               0.006832,               0.006832,               0.006832
                     98,                 1.2053,                0.79923,                 1.1663,                0.72755,                0.48916,                0.53632,                0.37476,                 1.4274,                 1.1478,                  1.425,               0.006799,               0.006799,               0.006799
                     99,                 1.2088,                 0.8011,                 1.1636,                0.73096,                0.48979,                0.53582,                0.37453,                 1.4276,                 1.1489,                 1.4246,               0.006766,               0.006766,               0.006766
                    100,                 1.1988,                0.79632,                 1.1624,                0.73184,                0.48807,                0.53648,                0.37521,                 1.4275,                 1.1491,                 1.4238,               0.006733,               0.006733,               0.006733
                    101,                 1.2002,                0.79477,                 1.1659,                0.73114,                0.49013,                0.53671,                0.37634,                  1.427,                 1.1478,                 1.4232,                 0.0067,                 0.0067,                 0.0067
                    102,                 1.2049,                0.79523,                 1.1659,                0.73579,                0.48998,                0.53672,                0.37628,                 1.4276,                  1.147,                 1.4234,               0.006667,               0.006667,               0.006667
                    103,                 1.1959,                0.78902,                 1.1539,                0.73633,                0.49019,                0.53706,                0.37644,                 1.4273,                  1.146,                 1.4227,               0.006634,               0.006634,               0.006634
                    104,                 1.1902,                0.78767,                 1.1563,                0.73474,                0.49101,                0.53721,                 0.3769,                 1.4269,                 1.1464,                 1.4217,               0.006601,               0.006601,               0.006601
                    105,                 1.1983,                0.78359,                 1.1572,                0.73414,                0.49116,                0.53754,                0.37808,                 1.4272,                 1.1469,                 1.4213,               0.006568,               0.006568,               0.006568
                    106,                 1.1884,                0.77866,                 1.1547,                0.73295,                0.49087,                0.53786,                 0.3782,                 1.4267,                 1.1454,                 1.4206,               0.006535,               0.006535,               0.006535
                    107,                 1.1846,                0.77893,                 1.1527,                0.73655,                0.48907,                0.53835,                0.37823,                 1.4261,                 1.1453,                 1.4195,               0.006502,               0.006502,               0.006502
                    108,                 1.1896,                0.77561,                 1.1514,                0.74547,                0.48644,                0.53883,                0.37856,                  1.426,                  1.145,                 1.4185,               0.006469,               0.006469,               0.006469
                    109,                 1.1864,                0.78122,                 1.1525,                 0.7478,                0.48678,                 0.5389,                0.37839,                 1.4259,                 1.1453,                 1.4176,               0.006436,               0.006436,               0.006436
                    110,                  1.184,                0.77327,                 1.1433,                0.74618,                0.48562,                0.53884,                  0.378,                 1.4262,                 1.1462,                  1.417,               0.006403,               0.006403,               0.006403
                    111,                 1.1788,                0.77556,                 1.1483,                0.74241,                0.48988,                0.53899,                0.37813,                 1.4261,                 1.1467,                 1.4163,                0.00637,                0.00637,                0.00637
                    112,                 1.1888,                 0.7721,                 1.1513,                0.74305,                0.49102,                0.53973,                0.37803,                 1.4253,                 1.1467,                 1.4153,               0.006337,               0.006337,               0.006337
                    113,                  1.179,                0.76821,                 1.1454,                0.74054,                0.49306,                0.54019,                0.37863,                 1.4251,                 1.1463,                  1.414,               0.006304,               0.006304,               0.006304
                    114,                  1.178,                0.76657,                 1.1415,                0.73914,                0.49272,                0.54074,                0.37957,                 1.4245,                 1.1468,                  1.413,               0.006271,               0.006271,               0.006271
                    115,                 1.1783,                 0.7706,                 1.1422,                0.74143,                0.49302,                0.54157,                0.37968,                 1.4239,                 1.1468,                 1.4121,               0.006238,               0.006238,               0.006238
                    116,                 1.1712,                0.75879,                 1.1407,                0.74401,                0.49264,                0.54162,                0.37966,                 1.4235,                 1.1469,                 1.4114,               0.006205,               0.006205,               0.006205
                    117,                 1.1801,                0.76509,                 1.1466,                0.75482,                   0.49,                0.54229,                0.37959,                 1.4236,                 1.1471,                 1.4104,               0.006172,               0.006172,               0.006172
                    118,                 1.1694,                0.75661,                 1.1415,                0.75486,                0.48972,                0.54219,                0.37944,                 1.4233,                 1.1469,                 1.4096,               0.006139,               0.006139,               0.006139
                    119,                 1.1649,                 0.7568,                 1.1389,                0.75536,                0.49042,                0.54271,                0.37927,                 1.4234,                 1.1472,                 1.4086,               0.006106,               0.006106,               0.006106
                    120,                 1.1707,                0.76228,                 1.1367,                 0.7484,                0.49264,                0.54306,                0.37961,                 1.4228,                 1.1476,                 1.4078,               0.006073,               0.006073,               0.006073
                    121,                  1.166,                0.75392,                 1.1316,                0.74657,                0.49264,                0.54336,                0.38014,                 1.4227,                 1.1489,                 1.4069,                0.00604,                0.00604,                0.00604
                    122,                 1.1671,                0.76059,                 1.1344,                0.74827,                0.49222,                0.54367,                0.38071,                 1.4226,                 1.1495,                 1.4059,               0.006007,               0.006007,               0.006007
                    123,                 1.1707,                0.75719,                 1.1319,                0.74483,                0.49323,                 0.5448,                0.38151,                 1.4226,                 1.1499,                 1.4056,               0.005974,               0.005974,               0.005974
                    124,                 1.1605,                0.74885,                 1.1328,                0.74421,                0.49375,                0.54548,                 0.3814,                 1.4221,                 1.1499,                 1.4045,               0.005941,               0.005941,               0.005941
                    125,                  1.161,                0.74627,                 1.1302,                0.74316,                0.49417,                0.54607,                 0.3814,                 1.4226,                  1.151,                 1.4041,               0.005908,               0.005908,               0.005908
                    126,                 1.1535,                 0.7429,                 1.1303,                0.74218,                0.49268,                0.54683,                0.38306,                 1.4232,                 1.1517,                 1.4036,               0.005875,               0.005875,               0.005875
                    127,                 1.1586,                0.74776,                 1.1298,                0.74099,                0.49461,                0.54785,                0.38342,                 1.4229,                 1.1519,                 1.4028,               0.005842,               0.005842,               0.005842
                    128,                  1.161,                0.74664,                  1.132,                0.74295,                0.49306,                0.54797,                0.38328,                 1.4224,                 1.1523,                 1.4018,               0.005809,               0.005809,               0.005809
                    129,                 1.1524,                0.74137,                 1.1231,                 0.7464,                0.49278,                0.54781,                0.38279,                 1.4222,                 1.1535,                 1.4011,               0.005776,               0.005776,               0.005776
                    130,                  1.147,                0.73567,                 1.1216,                0.74813,                0.49222,                0.54729,                0.38268,                  1.422,                 1.1542,                 1.4005,               0.005743,               0.005743,               0.005743
                    131,                  1.147,                0.73638,                 1.1202,                0.75106,                0.49199,                0.54846,                0.38489,                 1.4223,                 1.1553,                 1.4001,                0.00571,                0.00571,                0.00571
                    132,                 1.1425,                0.73861,                 1.1178,                0.74997,                0.49191,                 0.5487,                0.38518,                 1.4226,                 1.1563,                 1.3996,               0.005677,               0.005677,               0.005677
                    133,                 1.1497,                 0.7325,                 1.1198,                0.74855,                0.49236,                0.54896,                0.38378,                 1.4231,                 1.1562,                 1.3997,               0.005644,               0.005644,               0.005644
                    134,                 1.1462,                0.73411,                 1.1186,                0.74796,                0.49271,                0.54796,                0.38332,                 1.4234,                 1.1573,                 1.3991,               0.005611,               0.005611,               0.005611
                    135,                 1.1413,                0.73155,                  1.116,                0.74513,                0.49278,                0.54941,                0.38413,                  1.424,                 1.1575,                 1.3991,               0.005578,               0.005578,               0.005578
                    136,                 1.1466,                0.73517,                 1.1215,                0.74493,                0.49222,                0.54862,                0.38267,                 1.4237,                 1.1577,                 1.3983,               0.005545,               0.005545,               0.005545
                    137,                 1.1355,                0.72851,                 1.1144,                0.74495,                0.49241,                0.55008,                 0.3829,                  1.423,                 1.1578,                 1.3973,               0.005512,               0.005512,               0.005512
                    138,                 1.1472,                0.73669,                 1.1196,                0.74558,                0.49278,                0.55026,                0.38272,                 1.4231,                 1.1573,                  1.397,               0.005479,               0.005479,               0.005479
                    139,                  1.131,                0.72351,                 1.1101,                0.74363,                0.49319,                0.55016,                0.38302,                 1.4231,                 1.1582,                 1.3962,               0.005446,               0.005446,               0.005446
                    140,                 1.1353,                0.72415,                 1.1139,                0.74397,                0.49319,                0.55035,                0.38363,                  1.423,                 1.1595,                 1.3956,               0.005413,               0.005413,               0.005413
                    141,                 1.1348,                0.72256,                 1.1109,                0.74299,                0.49333,                0.55074,                0.38395,                 1.4226,                 1.1602,                 1.3945,                0.00538,                0.00538,                0.00538
                    142,                 1.1338,                0.72296,                  1.114,                 0.7385,                0.49389,                0.55103,                 0.3838,                 1.4227,                 1.1615,                 1.3937,               0.005347,               0.005347,               0.005347
                    143,                 1.1262,                0.72047,                  1.106,                0.73482,                0.49427,                0.55123,                0.38381,                 1.4228,                 1.1624,                 1.3932,               0.005314,               0.005314,               0.005314
                    144,                 1.1256,                0.71471,                 1.1023,                0.73359,                0.49486,                 0.5517,                0.38439,                 1.4226,                 1.1634,                  1.392,               0.005281,               0.005281,               0.005281
                    145,                 1.1316,                 0.7174,                 1.1051,                0.73211,                0.49506,                0.55225,                0.38495,                 1.4226,                  1.165,                 1.3911,               0.005248,               0.005248,               0.005248
                    146,                 1.1236,                0.71154,                 1.1026,                0.74734,                0.49208,                0.55267,                0.38547,                 1.4225,                 1.1666,                 1.3905,               0.005215,               0.005215,               0.005215
                    147,                 1.1235,                0.71046,                 1.1032,                0.74618,                0.49255,                0.55313,                0.38631,                 1.4232,                 1.1673,                 1.3904,               0.005182,               0.005182,               0.005182
                    148,                 1.1252,                0.70932,                 1.1038,                0.74786,                0.49198,                0.55347,                0.38591,                 1.4234,                 1.1683,                   1.39,               0.005149,               0.005149,               0.005149
                    149,                 1.1192,                0.70645,                 1.1022,                0.74299,                 0.4897,                 0.5536,                0.38673,                  1.424,                 1.1696,                 1.3899,               0.005116,               0.005116,               0.005116
                    150,                  1.114,                0.69867,                 1.0948,                0.74393,                0.49331,                 0.5536,                0.38618,                 1.4244,                 1.1709,                 1.3895,               0.005083,               0.005083,               0.005083
                    151,                 1.1217,                0.71094,                 1.1025,                0.74549,                 0.4936,                0.55305,                  0.386,                 1.4249,                 1.1715,                 1.3889,                0.00505,                0.00505,                0.00505
                    152,                 1.1179,                0.70991,                 1.0994,                0.75268,                0.48755,                0.55391,                0.38672,                 1.4249,                 1.1726,                 1.3882,               0.005017,               0.005017,               0.005017
                    153,                 1.1183,                 0.7079,                 1.0975,                0.75569,                0.48803,                0.55442,                0.38745,                 1.4244,                 1.1727,                 1.3872,               0.004984,               0.004984,               0.004984
                    154,                 1.1104,                0.69983,                 1.0965,                0.72478,                0.50441,                0.55461,                0.38765,                 1.4247,                 1.1743,                 1.3864,               0.004951,               0.004951,               0.004951
                    155,                 1.1196,                0.70803,                 1.0988,                0.75825,                0.48856,                0.55443,                0.38781,                 1.4249,                 1.1749,                 1.3865,               0.004918,               0.004918,               0.004918
                    156,                  1.112,                0.70013,                  1.093,                0.75972,                0.49051,                0.55462,                0.38797,                 1.4243,                 1.1764,                 1.3857,               0.004885,               0.004885,               0.004885
                    157,                 1.1114,                 0.7021,                 1.0937,                0.75956,                0.49017,                0.55461,                0.38803,                 1.4238,                 1.1771,                 1.3846,               0.004852,               0.004852,               0.004852
                    158,                 1.1074,                0.69855,                 1.0985,                0.76235,                  0.489,                0.55401,                0.38753,                  1.424,                 1.1785,                 1.3838,               0.004819,               0.004819,               0.004819
                    159,                 1.1043,                0.69431,                 1.0915,                0.76592,                0.48913,                 0.5546,                0.38743,                 1.4238,                 1.1798,                 1.3838,               0.004786,               0.004786,               0.004786
                    160,                   1.11,                0.69948,                 1.0946,                0.76165,                0.48997,                0.55462,                0.38743,                 1.4236,                 1.1798,                 1.3832,               0.004753,               0.004753,               0.004753
                    161,                 1.1088,                0.69963,                 1.0917,                0.75553,                0.49067,                0.55473,                0.38797,                 1.4235,                 1.1807,                 1.3827,                0.00472,                0.00472,                0.00472
                    162,                 1.1079,                 0.6951,                 1.0894,                0.76393,                  0.489,                0.55434,                0.38798,                 1.4237,                 1.1805,                  1.382,               0.004687,               0.004687,               0.004687
                    163,                 1.1073,                0.69273,                 1.0898,                0.76314,                 0.4897,                0.55556,                0.38886,                 1.4243,                 1.1812,                 1.3815,               0.004654,               0.004654,               0.004654
                    164,                 1.1029,                0.69335,                 1.0915,                0.76116,                0.49025,                0.55561,                0.38775,                 1.4244,                 1.1822,                 1.3809,               0.004621,               0.004621,               0.004621
                    165,                  1.097,                0.68909,                 1.0883,                0.75364,                0.49166,                0.55572,                0.38777,                 1.4229,                 1.1826,                 1.3786,               0.004588,               0.004588,               0.004588
                    166,                 1.0994,                0.68366,                  1.084,                0.75165,                 0.4933,                0.55582,                0.38771,                 1.4233,                 1.1833,                 1.3779,               0.004555,               0.004555,               0.004555
                    167,                 1.0948,                0.68438,                 1.0835,                0.75082,                 0.4915,                0.55594,                0.38839,                 1.4235,                 1.1841,                 1.3773,               0.004522,               0.004522,               0.004522
                    168,                  1.092,                0.68099,                 1.0815,                0.73229,                0.49989,                0.55551,                0.38831,                 1.4239,                 1.1846,                 1.3768,               0.004489,               0.004489,               0.004489
                    169,                 1.0934,                0.68297,                 1.0839,                0.73209,                0.50016,                0.55563,                0.38878,                 1.4241,                 1.1853,                 1.3766,               0.004456,               0.004456,               0.004456
                    170,                 1.0967,                 0.6847,                 1.0823,                0.73376,                0.49989,                0.55574,                0.38906,                 1.4238,                 1.1863,                 1.3761,               0.004423,               0.004423,               0.004423
                    171,                  1.097,                0.68172,                 1.0839,                0.74349,                0.49344,                0.55571,                0.38878,                 1.4241,                 1.1865,                 1.3756,                0.00439,                0.00439,                0.00439
                    172,                 1.0846,                0.67431,                 1.0795,                0.74799,                0.49469,                0.55562,                0.38879,                 1.4241,                 1.1875,                  1.375,               0.004357,               0.004357,               0.004357
                    173,                 1.0839,                0.67557,                 1.0767,                0.74453,                0.49349,                0.55549,                0.38975,                 1.4239,                 1.1886,                 1.3743,               0.004324,               0.004324,               0.004324
                    174,                 1.0917,                0.67877,                 1.0785,                0.74449,                0.49542,                0.55542,                0.38992,                 1.4246,                 1.1899,                 1.3738,               0.004291,               0.004291,               0.004291
                    175,                 1.0815,                0.67205,                 1.0778,                0.74617,                0.49542,                0.55592,                0.38985,                 1.4251,                 1.1927,                 1.3733,               0.004258,               0.004258,               0.004258
                    176,                 1.0822,                0.66861,                 1.0735,                0.74435,                0.49569,                0.55577,                0.38978,                 1.4249,                 1.1936,                 1.3725,               0.004225,               0.004225,               0.004225
                    177,                 1.0762,                0.66537,                 1.0754,                0.74457,                0.49569,                0.55566,                0.38977,                 1.4249,                 1.1949,                 1.3722,               0.004192,               0.004192,               0.004192
                    178,                 1.0728,                0.66648,                 1.0716,                0.74504,                0.49492,                0.55522,                0.38941,                 1.4247,                 1.1964,                 1.3713,               0.004159,               0.004159,               0.004159
                    179,                  1.076,                0.66487,                 1.0701,                0.74945,                0.49486,                0.55478,                0.38919,                 1.4246,                 1.1979,                 1.3708,               0.004126,               0.004126,               0.004126
                    180,                 1.0802,                0.66878,                 1.0758,                0.73392,                0.49708,                0.55484,                0.39005,                  1.424,                  1.199,                 1.3697,               0.004093,               0.004093,               0.004093
                    181,                 1.0809,                 0.6664,                  1.071,                0.73288,                0.49774,                0.55492,                0.39009,                 1.4245,                 1.2003,                 1.3694,                0.00406,                0.00406,                0.00406
                    182,                 1.0675,                0.65418,                 1.0673,                 0.7335,                0.49927,                0.55518,                0.39039,                  1.425,                 1.2017,                 1.3687,               0.004027,               0.004027,               0.004027
                    183,                 1.0796,                0.67034,                 1.0737,                0.73277,                0.50021,                0.55506,                0.39037,                 1.4253,                 1.2028,                 1.3686,               0.003994,               0.003994,               0.003994
                    184,                 1.0771,                0.65743,                 1.0715,                0.73708,                0.50309,                0.55475,                0.39013,                 1.4256,                 1.2048,                 1.3683,               0.003961,               0.003961,               0.003961
                    185,                  1.069,                0.65953,                 1.0694,                 0.7385,                0.50125,                0.55515,                0.39055,                 1.4264,                 1.2063,                 1.3687,               0.003928,               0.003928,               0.003928
                    186,                 1.0744,                0.66038,                 1.0727,                0.73697,                0.50428,                0.55482,                0.39036,                  1.427,                 1.2074,                 1.3686,               0.003895,               0.003895,               0.003895
                    187,                 1.0626,                0.65349,                  1.067,                0.73206,                0.50555,                0.55494,                0.39086,                 1.4271,                 1.2094,                 1.3689,               0.003862,               0.003862,               0.003862
                    188,                 1.0657,                0.65484,                 1.0714,                0.73284,                0.50179,                  0.555,                0.39051,                 1.4277,                 1.2105,                 1.3687,               0.003829,               0.003829,               0.003829
                    189,                 1.0647,                0.65671,                 1.0661,                0.72944,                0.50054,                0.55497,                0.39031,                 1.4287,                 1.2121,                 1.3695,               0.003796,               0.003796,               0.003796
                    190,                 1.0674,                 0.6551,                 1.0635,                0.72913,                 0.4989,                0.55487,                0.38962,                 1.4291,                 1.2129,                 1.3691,               0.003763,               0.003763,               0.003763
                    191,                 1.0619,                0.65146,                 1.0653,                0.72944,                0.49876,                 0.5544,                0.38921,                 1.4291,                 1.2133,                 1.3687,                0.00373,                0.00373,                0.00373
                    192,                 1.0596,                0.64932,                 1.0642,                0.72909,                0.49708,                0.55392,                0.38949,                 1.4299,                 1.2148,                 1.3684,               0.003697,               0.003697,               0.003697
                    193,                 1.0613,                0.65204,                 1.0641,                0.73735,                0.50117,                0.55389,                0.38901,                 1.4297,                 1.2178,                 1.3676,               0.003664,               0.003664,               0.003664
                    194,                 1.0562,                 0.6503,                 1.0582,                0.73682,                 0.4998,                0.55402,                0.39073,                 1.4302,                 1.2198,                 1.3674,               0.003631,               0.003631,               0.003631
                    195,                 1.0628,                0.65321,                 1.0612,                0.73105,                0.50377,                0.55443,                0.39106,                 1.4307,                 1.2216,                 1.3669,               0.003598,               0.003598,               0.003598
                    196,                 1.0567,                0.64536,                 1.0584,                0.72918,                0.50535,                0.55494,                0.39102,                  1.431,                 1.2233,                 1.3666,               0.003565,               0.003565,               0.003565
                    197,                 1.0527,                0.64489,                 1.0585,                0.72864,                0.50528,                0.55481,                0.39067,                 1.4304,                 1.2245,                 1.3658,               0.003532,               0.003532,               0.003532
                    198,                 1.0517,                0.64364,                 1.0594,                0.72901,                0.50671,                 0.5543,                0.39045,                 1.4312,                 1.2272,                 1.3656,               0.003499,               0.003499,               0.003499
                    199,                 1.0503,                 0.6405,                 1.0561,                0.71547,                0.50327,                0.55402,                0.38994,                 1.4321,                 1.2296,                 1.3659,               0.003466,               0.003466,               0.003466
                    200,                 1.0563,                 0.6481,                 1.0611,                0.71809,                0.50249,                0.55431,                0.39094,                  1.432,                 1.2317,                 1.3656,               0.003433,               0.003433,               0.003433
                    201,                 1.0451,                0.63662,                  1.055,                0.71449,                0.49889,                0.55415,                0.39012,                 1.4323,                  1.234,                 1.3649,                 0.0034,                 0.0034,                 0.0034
                    202,                 1.0451,                0.63364,                 1.0486,                0.71238,                0.50218,                 0.5542,                0.39031,                 1.4324,                 1.2353,                 1.3643,               0.003367,               0.003367,               0.003367
                    203,                 1.0458,                0.63444,                 1.0531,                0.70644,                0.49889,                 0.5538,                0.39025,                 1.4327,                 1.2365,                 1.3642,               0.003334,               0.003334,               0.003334
                    204,                 1.0473,                0.63628,                 1.0544,                0.70925,                0.49833,                0.55382,                0.39062,                 1.4333,                 1.2385,                 1.3641,               0.003301,               0.003301,               0.003301
                    205,                 1.0433,                0.63138,                 1.0523,                0.72735,                0.48703,                 0.5537,                0.39091,                 1.4335,                 1.2396,                 1.3638,               0.003268,               0.003268,               0.003268
                    206,                 1.0418,                0.63365,                 1.0506,                0.70563,                0.49805,                0.55363,                0.39074,                 1.4335,                 1.2411,                 1.3634,               0.003235,               0.003235,               0.003235
                    207,                 1.0372,                0.62687,                 1.0474,                0.71246,                 0.4925,                0.55303,                0.39055,                 1.4332,                 1.2424,                 1.3628,               0.003202,               0.003202,               0.003202
                    208,                 1.0416,                0.63102,                 1.0478,                0.72555,                0.48641,                0.55303,                0.38997,                 1.4336,                 1.2436,                 1.3624,               0.003169,               0.003169,               0.003169
                    209,                 1.0329,                0.62589,                 1.0484,                0.74826,                0.47408,                0.55227,                0.38923,                 1.4327,                 1.2448,                 1.3613,               0.003136,               0.003136,               0.003136
                    210,                 1.0295,                0.62572,                 1.0454,                 0.7499,                0.47379,                0.54971,                0.38925,                 1.4331,                  1.246,                 1.3614,               0.003103,               0.003103,               0.003103
                    211,                  1.032,                0.62536,                 1.0467,                0.80128,                0.45741,                0.54937,                0.38911,                 1.4335,                 1.2483,                 1.3613,                0.00307,                0.00307,                0.00307
                    212,                  1.029,                0.62476,                 1.0466,                0.74896,                0.47407,                0.55102,                0.38904,                 1.4339,                 1.2499,                  1.361,               0.003037,               0.003037,               0.003037
                    213,                   1.03,                0.62451,                 1.0425,                0.74974,                0.47423,                0.55061,                0.38891,                 1.4342,                 1.2526,                 1.3608,               0.003004,               0.003004,               0.003004
                    214,                  1.027,                0.62003,                 1.0441,                0.79814,                0.45818,                0.55027,                0.38869,                 1.4348,                 1.2545,                 1.3615,               0.002971,               0.002971,               0.002971
                    215,                 1.0285,                0.62407,                 1.0459,                0.79967,                0.45791,                0.55069,                0.38998,                 1.4352,                 1.2559,                 1.3614,               0.002938,               0.002938,               0.002938
                    216,                  1.023,                0.62079,                 1.0403,                0.80008,                0.45795,                 0.5503,                0.39053,                 1.4358,                 1.2558,                 1.3618,               0.002905,               0.002905,               0.002905
                    217,                 1.0279,                0.62286,                 1.0459,                0.79985,                 0.4578,                0.55004,                0.38936,                 1.4363,                  1.258,                 1.3616,               0.002872,               0.002872,               0.002872
                    218,                 1.0228,                  0.618,                 1.0403,                0.79917,                0.45787,                0.55036,                0.39017,                 1.4366,                 1.2612,                 1.3612,               0.002839,               0.002839,               0.002839
                    219,                 1.0225,                0.61735,                 1.0371,                0.79798,                0.45791,                 0.5483,                0.38942,                 1.4368,                 1.2635,                 1.3608,               0.002806,               0.002806,               0.002806
                    220,                 1.0185,                0.61359,                 1.0388,                0.79745,                0.45752,                0.54814,                0.38925,                 1.4378,                 1.2654,                 1.3609,               0.002773,               0.002773,               0.002773
                    221,                 1.0164,                0.61361,                 1.0373,                0.79865,                0.45735,                0.54834,                0.38952,                 1.4376,                 1.2659,                 1.3603,                0.00274,                0.00274,                0.00274
                    222,                 1.0147,                 0.6115,                 1.0356,                0.79884,                0.45721,                0.54826,                0.38985,                 1.4382,                 1.2666,                 1.3607,               0.002707,               0.002707,               0.002707
                    223,                 1.0146,                0.61004,                 1.0398,                0.80276,                0.45722,                0.54814,                 0.3898,                 1.4383,                 1.2677,                 1.3606,               0.002674,               0.002674,               0.002674
                    224,                 1.0094,                0.60546,                 1.0321,                0.79931,                0.45735,                0.54789,                0.38977,                 1.4377,                 1.2676,                 1.3602,               0.002641,               0.002641,               0.002641
                    225,                 1.0051,                0.60063,                 1.0278,                0.79944,                0.45473,                 0.5472,                0.38948,                 1.4376,                 1.2699,                 1.3595,               0.002608,               0.002608,               0.002608
                    226,                 1.0082,                0.60368,                 1.0324,                0.80135,                0.45371,                0.54732,                0.38954,                 1.4372,                 1.2706,                 1.3584,               0.002575,               0.002575,               0.002575
                    227,                 1.0042,                0.60032,                 1.0316,                0.81566,                0.44955,                0.54683,                0.38903,                 1.4369,                 1.2728,                  1.358,               0.002542,               0.002542,               0.002542
                    228,                 1.0031,                0.60239,                 1.0307,                 0.8152,                0.44955,                 0.5468,                0.38862,                 1.4366,                 1.2741,                 1.3572,               0.002509,               0.002509,               0.002509
                    229,                 1.0079,                0.60866,                 1.0322,                0.81728,                0.44913,                0.54668,                0.38834,                  1.436,                 1.2751,                  1.357,               0.002476,               0.002476,               0.002476
                    230,                 1.0009,                0.59727,                 1.0293,                0.81895,                0.44905,                0.54666,                0.38849,                 1.4356,                  1.276,                 1.3567,               0.002443,               0.002443,               0.002443
                    231,                 1.0026,                0.59893,                 1.0281,                0.82389,                0.44883,                0.54613,                0.38787,                 1.4357,                 1.2782,                 1.3562,                0.00241,                0.00241,                0.00241
                    232,                0.99762,                0.59484,                 1.0295,                0.82631,                0.44858,                0.54589,                 0.3875,                 1.4354,                 1.2799,                 1.3562,               0.002377,               0.002377,               0.002377
                    233,                  1.001,                0.59679,                 1.0271,                 0.8263,                0.44863,                0.54583,                0.38779,                  1.435,                 1.2813,                 1.3561,               0.002344,               0.002344,               0.002344
                    234,                0.99569,                0.59253,                 1.0267,                0.82769,                0.44864,                0.54568,                0.38791,                 1.4352,                 1.2838,                 1.3559,               0.002311,               0.002311,               0.002311
                    235,                0.98969,                0.58925,                 1.0232,                0.82735,                0.44885,                 0.5455,                 0.3877,                 1.4348,                 1.2847,                 1.3551,               0.002278,               0.002278,               0.002278
                    236,                0.99415,                0.59073,                 1.0258,                0.82838,                0.44858,                0.54576,                0.38736,                  1.435,                 1.2867,                 1.3551,               0.002245,               0.002245,               0.002245
                    237,                 0.9903,                0.58882,                 1.0231,                0.82936,                0.44871,                0.54584,                0.38724,                 1.4348,                 1.2884,                 1.3551,               0.002212,               0.002212,               0.002212
                    238,                0.99311,                0.58766,                 1.0213,                0.83044,                0.44851,                0.54579,                0.38737,                 1.4351,                 1.2891,                 1.3551,               0.002179,               0.002179,               0.002179
                    239,                0.98621,                0.58683,                 1.0187,                0.83083,                0.44871,                0.54518,                0.38785,                 1.4349,                 1.2915,                 1.3546,               0.002146,               0.002146,               0.002146
                    240,                0.98631,                0.58398,                 1.0181,                 0.8309,                0.44863,                0.54543,                0.38815,                 1.4347,                 1.2927,                 1.3546,               0.002113,               0.002113,               0.002113
                    241,                 0.9838,                0.58295,                 1.0168,                0.82896,                0.44889,                0.54512,                0.38631,                 1.4345,                 1.2933,                 1.3544,                0.00208,                0.00208,                0.00208
                    242,                0.98081,                0.58316,                 1.0191,                0.82643,                0.44899,                0.54511,                0.38682,                 1.4341,                 1.2943,                 1.3535,               0.002047,               0.002047,               0.002047
                    243,                0.98538,                0.58787,                 1.0223,                0.82582,                0.44842,                0.54537,                 0.3871,                 1.4343,                 1.2962,                 1.3534,               0.002014,               0.002014,               0.002014
                    244,                0.97878,                0.58093,                 1.0163,                 0.8191,                0.45014,                 0.5455,                 0.3881,                 1.4343,                 1.2982,                 1.3535,               0.001981,               0.001981,               0.001981
                    245,                0.97295,                0.57543,                 1.0153,                0.81713,                0.44998,                0.54547,                0.38788,                 1.4345,                    1.3,                 1.3533,               0.001948,               0.001948,               0.001948
                    246,                0.97838,                0.58016,                 1.0158,                 0.8168,                0.45024,                0.54557,                 0.3885,                 1.4346,                 1.3009,                 1.3528,               0.001915,               0.001915,               0.001915
